Company,Rating
Magnis Dis Industries,-0.5145094463
Ante Dictum Company,-0.0724484099
Pede Sagittis Augue Company,0.2659278898
Porttitor Eros Corp.,-0.2889684649
Arcu Limited,-0.0601461741
Tellus Company,0.2142949476
Duis Dignissim Foundation,0.3027674751
Vestibulum Ante Ipsum PC,0.0551243991
Consequat Nec Foundation,-0.167795094
Sodales Inc.,-0.4634976147
Duis Limited,-0.2980779235
Auctor Velit Incorporated,-0.0494736864
Egestas Rhoncus Proin LLC,-0.1444617611
Sollicitudin Orci Consulting,-0.3139204826
Felis Associates,-0.274419564
Eget PC,-0.2204689089
Et Rutrum PC,0.0163594369
Sed Neque Institute,0.4390553157
Nulla PC,-0.2065550676
Hendrerit Corp.,0.1996572563
Fusce Feugiat Foundation,-0.0499030115
Sit Amet Institute,-0.3318719512
Vivamus PC,0.0171082531
Consectetuer Cursus Et Ltd,0.0313105423
At Fringilla Purus Incorporated,-0.0543720164
Rutrum Urna LLC,-0.188124967
In Cursus Consulting,0.5042926163
Nec Imperdiet Corp.,-0.0586372459
Semper Incorporated,0.1510966885
Felis Orci Adipiscing Foundation,-0.2836539534
Sem Eget Institute,0.5194022846
Tellus Non Institute,-8.19314E-5
Tellus Faucibus LLP,-0.2626428152
Facilisi Sed Inc.,0.1867910995
Aenean Eget Magna LLC,-0.092783057
Vestibulum Ut Eros PC,-0.0870105764
Lobortis Quam Foundation,0.1203071752
Sociosqu Inc.,-0.3701197677
Facilisis Magna Tellus Corp.,0.2576384798
Mus Industries,0.3370375775
Egestas Blandit Corp.,0.2998193708
Commodo Tincidunt Consulting,0.0521672641
Ipsum Associates,-0.1474674203
Nunc In Institute,-0.0182861103
Parturient Industries,-0.1596164831
Risus Company,0.0523977578
Diam Nunc Foundation,0.2828945942
Fusce Aliquet Magna Corp.,-0.4020078142
Consectetuer Associates,0.0865797212
Aliquam Rutrum Lorem Inc.,-0.5240714521
Odio Associates,0.2107335257
Velit LLP,0.0008652942
Nonummy Ultricies Ornare Company,0.0895505725
Sit Amet Consectetuer Incorporated,0.4106035887
Sodales Mauris Blandit Corporation,-0.2345017599
Sed Dictum LLC,-0.1189009385
Mauris Rhoncus Limited,0.2264826963
Tincidunt Inc.,-0.1514680518
Praesent Luctus Incorporated,-0.4344770111
Ipsum Dolor Sit Corporation,-0.2600476254
Congue PC,0.0617763011
In Aliquet Associates,-0.1582483649
Nisi Aenean Incorporated,-0.0104612172
Vestibulum Ut Eros PC,0.0264046762
Rutrum Industries,-0.1570456449
In Consulting,-0.5496863109
Libero Mauris Aliquam Corp.,0.1368155958
Ut LLP,-0.3957367713
Nostra Per Inceptos Ltd,0.0053983661
Turpis Aliquam Industries,0.5814145335
Aliquet Foundation,-0.1141953543
Nec Leo Morbi Incorporated,0.1197168404
Est Limited,-0.0629911835
A Ultricies Adipiscing Industries,0.2631367243
Eu Eros Company,-0.0767303493
Mauris Rhoncus Id Company,-0.2919752958
Blandit Viverra Donec Incorporated,-0.1293061341
Aliquet Inc.,0.146074554
Id Blandit At Company,-0.2987315398
Accumsan Incorporated,-0.1747976101
Sed Corp.,0.0502615076
Nisl Limited,0.0645956947
Ut Nisi Company,-0.0650028868
Maecenas Malesuada Fringilla Corp.,-0.0857216289
Augue Eu Incorporated,0.1825747198
Enim Gravida Sit LLP,-0.1738148758
Ullamcorper PC,-0.3594124793
Eu Tempor Erat Corporation,0.1154782239
Luctus Sit PC,-0.4367651666
Non Incorporated,-0.3630913955
Etiam Vestibulum Consulting,0.0809115143
Eu Turpis Nulla Incorporated,0.1195615085
Enim Nec Associates,-0.1233862395
Semper Et LLC,0.3136395738
Malesuada Institute,-0.0446249715
Consectetuer Adipiscing Elit Consulting,-0.0815829945
Aliquet Metus PC,-0.1877404183
Mauris PC,-0.4370136776
Nam Company,-0.3165432621
Sit Amet Foundation,0.0776480934
