Name,City
Deanna,Juazeiro
Nyssa,Empedrado
Bryar,Saint-Hilarion
Colt,Malahide
Candice,Harbour Grace
Jakeem,Novo Hamburgo
Marsden,Río Hurtado
Mannix,Rezé
Madaline,Traiskirchen
Guy,La Cisterna
Gloria,Pondicherry
Allistair,Mottola
Tanisha,Oppido Mamertina
Benjamin,María Pinto
Emily,Filadelfia
Brooke,Salt Lake City
Sonia,Victoria
Uriel,Camrose
Gannon,Meerle
Chadwick,Oppido Mamertina
Laith,Angers
Ryan,Cornwall
Murphy,Sierning
Lisandra,St. John's
Ingrid,Falisolle
Jermaine,Fort Good Hope
Kelly,San Felice a Cancello
Colby,Montaldo Bormida
Lois,Fuenlabrada
Lani,Zignago
Ishmael,Naushahro Firoze
Ashton,Milestone
Isaac,Fort Good Hope
Amal,Montresta
Bert,Malbaie
Gemma,Balvano
Charles,Bad Vöslau
Alma,Lyubertsy
Dieter,Peñaflor
Scarlett,Fulda
Venus,Saint-Dizier
Yen,Puerto Vallarta
Tanek,Abergavenny
Brian,Balsas
Melvin,Kontich
Lillith,Aurora
Jacob,Aurangabad
Kimberley,Zamość
Lydia,Coatbridge
Benjamin,Blitar
Sierra,Tuglie
Barry,Enschede
John,Dietzenbach
Noah,Allentown
Daphne,Borgomasino
Rhoda,Oteppe
Hermione,Saint-Rhémy-en-Bosses
Tashya,Marabá
Liberty,Ammanford
Plato,Cras-Avernas
McKenzie,Saint-Denis
Myra,Accadia
Kirestin,Carovilli
Jared,Bauchi
Keely,Petit-Hallet
Jelani,Lienz
Wang,Kirkby Lonsdale
Ivor,Sant'Eusanio Forconese
Xyla,Guilmi
Shelly,Klimovsk
Iris,Llandovery
Igor,Krishnanagar
Felicia,Vizianagaram
Deacon,Milestone
Knox,Souvret
Matthew,Pinkafeld
Alvin,Sant'Onofrio
Ishmael,St. David's
Jerry,Liverpool
Jamalia,Tallahassee
Hayfa,Malartic
Tyler,Patalillo
Galvin,Lakeland County
Igor,Godhra
Rogan,Potenza
Axel,Saint John
Eve,Neder-Over-Heembeek
Hayes,Smoky Lake
Shea,Fernie
Amery,Villa Alemana
Molly,Falmouth
Rigel,Buizingen
Cheyenne,Jalgaon
Fulton,Menai Bridge
Kameko,Melazzo
Amir,Nedlands
Benedict,Carunchio
Perry,Melipeuco
William,Gdańsk
Oren,Turriff
